{"cameraMode":{"drawMode":0,"name":"Shaded","section":"Shading Mode"},"sceneLighting":true,"audioPlay":false,"sceneViewState":{"m_AlwaysRefresh":false,"showFog":true,"showSkybox":true,"showFlares":true,"showImageEffects":true,"showParticleSystems":true,"showVisualEffectGraphs":true,"m_FxEnabled":true},"in2DMode":false,"pivot":{"x":-243.52523803710938,"y":-13.810874938964844,"z":20.452861785888673},"rotation":{"x":0.21910253167152406,"y":0.17022362351417542,"z":-0.03885212913155556,"w":0.9599553346633911},"size":53.626800537109378,"orthographic":false}