{"cameraMode":{"drawMode":0,"name":"Shaded","section":"Shading Mode"},"sceneLighting":true,"audioPlay":false,"sceneViewState":{"m_AlwaysRefresh":false,"showFog":true,"showSkybox":true,"showFlares":true,"showImageEffects":true,"showParticleSystems":true,"showVisualEffectGraphs":true,"m_FxEnabled":true},"in2DMode":false,"pivot":{"x":-340.72491455078127,"y":0.15303993225097657,"z":-24.81659698486328},"rotation":{"x":0.006448626983910799,"y":0.9892409443855286,"z":-0.13890495896339417,"w":0.04636215791106224},"size":31.046842575073243,"orthographic":false}