{"cameraMode":{"drawMode":0,"name":"Shaded","section":"Shading Mode"},"sceneLighting":true,"audioPlay":false,"sceneViewState":{"m_AlwaysRefresh":false,"showFog":true,"showSkybox":true,"showFlares":true,"showImageEffects":true,"showParticleSystems":true,"showVisualEffectGraphs":true,"m_FxEnabled":true},"in2DMode":false,"pivot":{"x":-90.55138397216797,"y":42.66904830932617,"z":132.59999084472657},"rotation":{"x":-0.006542753428220749,"y":-0.9900153875350952,"z":0.049045536667108539,"w":-0.13205213844776154},"size":14.040653228759766,"orthographic":false}